Year,Fuel_Type,Transmission,Mileage,Engine,Power,Seats,New_Price,Price
2011,2.0,1.0,18.2,1199.0,88.7,5.0,8.61,4.5
2016,1.0,2.0,11.36,2755.0,171.5,8.0,21.0,17.5
2018,2.0,1.0,21.56,1462.0,103.25,5.0,10.65,9.95
2014,1.0,1.0,13.5,2477.0,175.56,7.0,32.01,15.0
2014,1.0,2.0,22.69,1995.0,190.0,5.0,47.87,18.55
2018,2.0,1.0,17.5,1199.0,88.7,5.0,10.57,9.9
2014,2.0,1.0,16.09,1598.0,103.5,5.0,12.33,6.98
2018,1.0,1.0,24.3,1248.0,88.5,5.0,11.12,8.63
2014,2.0,2.0,14.62,1999.0,149.92,5.0,23.64,8.85
2012,2.0,1.0,11.25,2694.0,163.7,7.0,18.64,10.95
2017,1.0,1.0,13.68,2393.0,147.8,8.0,19.34,16.5
2019,1.0,2.0,0.0,1950.0,194.0,5.0,49.14,35.67
2018,1.0,1.0,22.1,1396.0,88.7,5.0,11.81,10.5
2015,1.0,1.0,19.64,1461.0,108.5,5.0,16.65,6.92
2017,2.0,1.0,17.57,1193.0,88.7,5.0,6.67,4.5
2017,2.0,1.0,19.83,1198.0,67.0,7.0,6.45,3.95
2014,2.0,1.0,17.71,1197.0,78.9,5.0,6.41,3.9
2017,1.0,2.0,11.36,2755.0,171.5,7.0,27.0,19.25
2017,2.0,1.0,15.1,1196.0,73.0,5.0,5.13,3.91
2015,1.0,2.0,22.69,1995.0,190.0,5.0,54.43,20.75
2016,2.0,2.0,19.15,1198.0,75.94,5.0,9.51,6.55
2016,1.0,1.0,24.3,1248.0,88.5,5.0,9.96,7.5
2018,1.0,1.0,22.0,1582.0,126.2,5.0,14.44,10.95
2014,2.0,1.0,24.07,998.0,67.1,5.0,4.53,2.6
2017,2.0,2.0,19.0,2996.0,362.07,2.0,95.04,54.0
2019,2.0,2.0,17.0,1591.0,121.3,5.0,13.49,11.5
2013,2.0,2.0,11.05,2894.0,444.0,4.0,1.28,37.0
2014,1.0,2.0,21.76,1995.0,190.0,5.0,60.88,26.5
2019,2.0,1.0,18.9,1197.0,81.86,5.0,7.39,6.5
2014,1.0,2.0,22.48,1995.0,190.0,5.0,69.47,33.5
2017,2.0,1.0,21.4,1197.0,83.1,5.0,8.78,7.5
2016,1.0,1.0,25.47,1248.0,88.5,7.0,12.74,8.5
2017,1.0,1.0,17.45,1493.0,100.0,7.0,10.52,6.5
2016,1.0,1.0,24.3,1248.0,88.5,5.0,11.98,9.0
2013,1.0,1.0,27.4,1498.0,98.6,5.0,8.54,3.25
2017,2.0,2.0,14.67,1798.0,177.46,5.0,33.58,26.0
2013,1.0,1.0,21.03,1461.0,65.0,5.0,9.12,3.7
2013,2.0,1.0,22.5,998.0,67.04,5.0,5.29,2.65
2017,2.0,2.0,16.82,1998.0,189.08,4.0,44.28,35.67
2019,1.0,2.0,11.36,2755.0,171.5,7.0,20.74,19.64
2011,2.0,1.0,17.4,1497.0,117.3,5.0,11.74,3.87
2017,1.0,1.0,13.68,2393.0,147.8,7.0,25.52,18.65
2008,1.0,1.0,22.0,1582.0,126.2,5.0,14.07,2.6
2017,1.0,2.0,11.57,2987.0,254.79,5.0,95.13,61.29
2017,1.0,1.0,22.95,1248.0,74.0,5.0,8.34,3.75
2018,1.0,1.0,22.95,1248.0,74.0,5.0,8.34,5.25
2015,2.0,1.0,18.2,1199.0,88.7,5.0,8.85,4.85
2016,1.0,1.0,13.68,2393.0,147.8,7.0,25.4,20.25
2017,2.0,2.0,18.0,1497.0,117.3,5.0,16.67,12.69
2017,1.0,2.0,17.9,2143.0,201.15,5.0,79.43,57.0
2012,2.0,1.0,18.5,1198.0,86.8,5.0,6.62,3.13
2017,1.0,2.0,14.75,2967.0,245.0,7.0,1.04,62.67
2016,1.0,1.0,24.3,1248.0,88.5,5.0,9.12,7.15
2015,1.0,2.0,21.76,1995.0,190.0,5.0,58.67,25.99
2005,2.0,2.0,14.45,1984.0,227.0,5.0,28.37,2.05
2017,2.0,1.0,24.07,998.0,67.1,5.0,4.48,3.75
2017,1.0,2.0,19.33,1999.0,177.0,5.0,72.64,52.0
2019,2.0,2.0,14.67,1798.0,177.46,5.0,36.15,27.3
2017,2.0,1.0,13.8,1998.0,192.0,5.0,44.59,35.0
2017,1.0,1.0,24.3,1248.0,88.5,5.0,12.0,9.49
2017,2.0,2.0,16.0,1497.0,117.3,7.0,14.65,9.48
2017,2.0,2.0,13.5,1999.0,246.74,5.0,53.72,34.5
2018,1.0,2.0,13.5,2477.0,175.56,7.0,33.91,28.0
2015,1.0,2.0,21.76,1995.0,190.0,5.0,60.88,25.5
2017,2.0,1.0,15.4,1497.0,117.3,7.0,12.51,8.5
2017,2.0,1.0,17.19,1197.0,81.86,5.0,9.74,6.9
2018,2.0,2.0,11.5,2996.0,367.0,5.0,95.38,70.99
2016,2.0,2.0,15.26,1798.0,187.74,5.0,60.59,24.5
2014,2.0,2.0,16.82,1998.0,189.08,4.0,44.28,28.5
2016,1.0,1.0,15.96,2523.0,62.1,7.0,11.28,7.7
2017,2.0,1.0,16.09,1598.0,103.5,5.0,11.48,7.1
2018,1.0,1.0,25.1,1248.0,88.5,5.0,11.26,8.92
2016,1.0,2.0,15.17,1968.0,181.0,5.0,43.65,20.37
2016,1.0,2.0,21.76,1995.0,190.0,5.0,62.07,36.5
2018,2.0,2.0,12.6,1950.0,191.34,5.0,86.97,51.43
2017,1.0,2.0,11.0,2987.0,258.0,7.0,1.0,56.0
2012,2.0,1.0,22.5,998.0,67.04,5.0,4.74,3.3
2016,2.0,1.0,15.8,1591.0,121.3,5.0,14.84,8.0
2019,2.0,2.0,0.0,1950.0,181.43,5.0,49.49,38.99
2017,1.0,2.0,20.68,1995.0,190.0,5.0,48.18,29.4
2013,1.0,1.0,25.47,1248.0,88.5,7.0,12.34,6.75
2017,1.0,1.0,21.13,1498.0,108.4,5.0,15.38,10.5
2016,1.0,2.0,11.36,2755.0,171.5,7.0,19.21,17.0
2018,1.0,1.0,17.1,1956.0,170.0,5.0,22.95,19.0
2012,1.0,1.0,15.96,2523.0,62.1,7.0,11.15,6.0
2018,1.0,1.0,20.14,1498.0,88.0,5.0,10.32,8.12
2019,1.0,2.0,11.36,2755.0,171.5,7.0,28.05,24.82
2018,1.0,2.0,17.9,2143.0,170.0,5.0,59.77,48.5
2016,1.0,2.0,21.5,1498.0,108.5,5.0,15.86,9.45
2017,1.0,1.0,13.68,2393.0,147.8,8.0,19.43,17.5
2016,1.0,1.0,24.3,1248.0,88.5,5.0,10.65,8.9
2016,1.0,2.0,20.7,1496.0,113.98,5.0,42.12,29.5
2017,1.0,1.0,14.1,2179.0,154.0,7.0,16.95,11.25
2017,1.0,1.0,21.9,1498.0,98.6,7.0,15.45,10.79
2017,2.0,1.0,20.89,1197.0,81.8,5.0,7.87,5.7
2011,2.0,1.0,24.07,998.0,67.1,5.0,4.7,2.75
2017,2.0,2.0,16.0,1497.0,117.3,7.0,15.02,9.25
2017,1.0,1.0,24.3,1248.0,88.5,5.0,12.56,11.31
2013,2.0,2.0,17.5,1498.0,99.6,5.0,11.33,5.43
2017,1.0,1.0,13.68,2393.0,147.8,7.0,26.45,18.75
2017,2.0,2.0,22.0,1197.0,81.8,5.0,10.34,8.5
2017,1.0,1.0,24.0,1186.0,73.97,5.0,7.46,4.9
2014,2.0,1.0,17.4,1497.0,117.3,5.0,11.85,5.7
2017,1.0,1.0,25.47,1248.0,88.5,7.0,10.41,7.75
2014,2.0,2.0,23.1,998.0,67.04,5.0,5.57,3.2
2014,1.0,2.0,20.7,1496.0,113.98,5.0,42.48,23.5
2015,2.0,2.0,18.0,1497.0,117.3,5.0,16.04,10.65
2018,2.0,1.0,18.2,1199.0,88.7,5.0,9.1,8.46
2015,1.0,1.0,25.5,1498.0,99.0,5.0,7.65,2.5
2016,2.0,1.0,15.8,1591.0,121.3,5.0,13.74,10.9
2015,2.0,1.0,22.5,998.0,67.04,5.0,5.72,4.32
2019,1.0,2.0,14.0,2179.0,155.0,7.0,21.33,17.63
2016,1.0,2.0,17.9,2143.0,201.15,5.0,78.76,56.0
2018,1.0,1.0,27.4,1498.0,98.6,5.0,10.34,8.5
2014,2.0,1.0,24.07,998.0,67.1,5.0,4.29,2.3
2017,1.0,1.0,21.66,1498.0,108.62,5.0,10.04,6.45
2016,1.0,1.0,14.02,2179.0,118.3,7.0,11.67,7.5
2017,1.0,1.0,13.68,2393.0,147.8,7.0,25.52,18.6
2018,1.0,1.0,25.4,1186.0,73.97,5.0,8.56,5.9
2018,1.0,2.0,11.36,2755.0,171.5,7.0,27.0,19.92
2017,2.0,1.0,21.7,999.0,67.0,5.0,4.78,3.25
2017,2.0,2.0,23.1,998.0,67.04,5.0,6.14,5.0
2011,2.0,1.0,22.0,1197.0,81.8,5.0,7.3,2.7
2016,2.0,1.0,22.7,799.0,53.64,5.0,4.37,2.66
2012,2.0,1.0,15.1,1196.0,73.0,7.0,4.98,3.61
2015,2.0,2.0,18.0,1497.0,117.3,5.0,15.29,8.65
2017,1.0,1.0,16.3,1956.0,170.0,5.0,24.26,20.0
2018,1.0,2.0,15.68,1999.0,177.0,5.0,75.12,59.72
2016,1.0,1.0,27.39,1248.0,74.0,5.0,9.53,6.5
2013,1.0,1.0,13.5,2477.0,175.56,7.0,34.6,12.49
2018,1.0,1.0,13.68,2393.0,147.8,7.0,26.45,18.39
2016,1.0,1.0,27.3,1498.0,98.6,5.0,11.15,6.21
2018,1.0,2.0,0.0,1950.0,194.0,5.0,52.26,39.5
2012,1.0,2.0,22.48,1995.0,190.0,5.0,70.43,17.5
2018,2.0,1.0,25.17,799.0,53.3,5.0,4.8,4.45
2019,1.0,1.0,23.0,1498.0,98.96,5.0,12.12,11.65
2017,1.0,1.0,13.68,2393.0,147.8,7.0,19.37,16.5
2014,1.0,1.0,20.64,1498.0,108.5,5.0,12.14,5.39
2013,1.0,1.0,14.24,2755.0,174.5,7.0,36.69,13.28
2017,2.0,2.0,16.0,1368.0,160.0,5.0,23.68,17.75
2015,1.0,2.0,18.25,1968.0,187.74,5.0,55.61,25.0
2018,2.0,2.0,14.8,1497.0,121.36,5.0,14.1,12.41
2016,1.0,1.0,25.1,1248.0,88.5,5.0,13.26,7.94
2016,1.0,2.0,11.36,2755.0,171.5,7.0,28.05,20.5
2016,1.0,1.0,25.47,1248.0,88.5,7.0,11.27,7.0
2019,1.0,1.0,24.3,1248.0,88.5,5.0,11.2,10.49
2014,2.0,1.0,17.57,1193.0,88.7,5.0,8.56,3.95
2017,1.0,1.0,24.3,1248.0,88.5,5.0,9.46,6.5
2012,1.0,1.0,20.0,1497.0,115.0,5.0,12.79,7.25
2014,1.0,1.0,22.0,1582.0,126.2,5.0,15.57,6.01
2017,1.0,1.0,17.6,2179.0,153.86,7.0,19.86,12.0
2018,2.0,1.0,23.84,1199.0,84.0,5.0,6.59,5.88
2018,2.0,2.0,12.6,1950.0,191.34,5.0,86.97,51.35
2014,1.0,2.0,20.7,1496.0,113.98,5.0,42.12,22.0
2017,2.0,1.0,18.9,1197.0,81.86,5.0,6.54,5.0
2016,1.0,2.0,11.36,2755.0,171.5,7.0,26.56,19.75
2017,1.0,2.0,19.6,1461.0,108.45,5.0,15.05,11.44
2016,1.0,1.0,15.96,2523.0,62.1,7.0,11.01,3.5
2018,1.0,1.0,24.3,1248.0,88.5,5.0,11.0,10.46
2016,2.0,1.0,19.5,1199.0,88.76,5.0,7.55,5.68
2017,2.0,1.0,18.9,1197.0,81.86,5.0,7.82,5.98
2018,2.0,1.0,18.9,1197.0,81.86,5.0,6.32,4.77
2015,2.0,2.0,17.0,1591.0,121.3,5.0,15.14,7.2
2013,1.0,2.0,22.0,1582.0,126.2,5.0,15.72,5.9
2015,1.0,2.0,27.03,1969.0,190.0,5.0,45.67,25.0
2012,1.0,2.0,22.69,1995.0,190.0,5.0,54.7,14.0
2017,1.0,1.0,13.68,2393.0,147.8,7.0,22.87,20.4
2019,2.0,1.0,18.78,999.0,75.0,5.0,6.74,5.68
2013,1.0,1.0,13.5,2477.0,175.56,7.0,33.09,12.75
2017,2.0,2.0,14.28,1798.0,138.03,5.0,23.25,18.0
2012,1.0,1.0,21.43,1364.0,86.79,5.0,19.27,6.5
2018,1.0,2.0,13.6,1999.0,177.0,5.0,52.77,40.0
2016,1.0,1.0,14.95,2489.0,93.7,7.0,11.67,6.15
2017,1.0,1.0,28.4,1248.0,74.0,5.0,7.92,6.24
2014,2.0,1.0,20.14,1197.0,81.86,5.0,7.85,5.5
2018,2.0,2.0,18.0,1497.0,117.3,5.0,15.55,11.97
2015,1.0,1.0,14.24,2755.0,174.5,7.0,32.45,18.9
2015,2.0,1.0,15.1,1196.0,73.0,7.0,4.83,2.95
2015,1.0,1.0,28.4,1248.0,74.0,5.0,7.13,5.25
2012,1.0,2.0,22.48,1995.0,190.0,5.0,71.82,24.68
2016,1.0,2.0,17.05,1995.0,190.0,5.0,50.97,29.5
2008,1.0,1.0,24.0,1396.0,88.76,5.0,10.73,1.9
2013,1.0,1.0,19.5,1248.0,75.0,5.0,9.5,2.5
2013,1.0,2.0,22.69,1995.0,190.0,5.0,52.46,13.95
2019,2.0,1.0,20.89,1197.0,81.8,5.0,6.07,6.06
2013,3.0,1.0,33.54,998.0,67.04,5.0,5.54,2.96
2016,1.0,2.0,14.75,2967.0,245.0,7.0,1.04,67.0
2018,2.0,1.0,24.07,998.0,67.1,5.0,4.33,3.6
2018,2.0,2.0,18.9,1197.0,81.86,5.0,8.63,7.55
2019,2.0,1.0,18.9,1197.0,81.86,5.0,6.68,6.17
2008,1.0,1.0,22.0,1582.0,126.2,5.0,14.07,2.5
2016,1.0,2.0,19.6,1461.0,108.45,5.0,15.05,11.5
2018,2.0,2.0,18.9,1197.0,81.86,5.0,7.98,6.2
2016,1.0,2.0,11.36,2755.0,171.5,7.0,24.82,15.49
2016,2.0,1.0,17.57,1193.0,88.7,5.0,7.63,4.0
2018,1.0,1.0,13.68,2393.0,147.8,7.0,22.86,19.92
2018,2.0,1.0,17.0,1497.0,121.36,5.0,11.06,9.2
2016,2.0,1.0,24.07,998.0,67.1,5.0,4.53,3.5
2010,2.0,1.0,14.28,1798.0,138.03,5.0,19.39,4.5
2017,2.0,2.0,14.62,1999.0,149.92,5.0,21.77,16.35
2016,1.0,2.0,17.6,1582.0,126.2,5.0,18.35,12.5
2016,1.0,1.0,21.66,1498.0,108.62,5.0,9.19,5.8
2015,2.0,1.0,17.57,1193.0,88.7,5.0,8.09,5.0
2018,2.0,2.0,14.28,1798.0,138.03,5.0,23.25,17.49
2019,1.0,2.0,12.65,2993.0,255.0,5.0,1.39,97.07
2017,1.0,2.0,28.4,1248.0,73.75,5.0,11.52,9.15
2016,1.0,1.0,23.0,1498.0,98.96,5.0,13.23,7.7
2018,1.0,1.0,20.65,1248.0,88.7,5.0,10.06,6.69
2017,1.0,2.0,21.72,1498.0,108.4,5.0,15.34,10.5
2019,1.0,1.0,13.68,2393.0,147.8,8.0,24.01,22.55
2016,1.0,1.0,16.55,2498.0,105.0,6.0,11.39,9.25
2017,1.0,1.0,26.1,1498.0,99.0,5.0,9.79,7.29
2016,1.0,2.0,20.7,1496.0,113.98,4.0,35.0,23.5
2015,1.0,1.0,21.03,1461.0,65.0,5.0,9.26,3.1
2017,2.0,1.0,17.0,1198.0,73.75,5.0,8.68,7.23
2017,1.0,2.0,12.81,1999.0,148.31,7.0,66.39,41.5
2017,1.0,2.0,17.06,1968.0,141.0,5.0,36.45,24.9
2019,1.0,2.0,14.75,2967.0,245.0,7.0,91.38,72.94
2013,1.0,1.0,15.96,2523.0,62.1,7.0,11.15,5.5
2017,1.0,2.0,17.05,1995.0,190.0,5.0,50.97,30.29
2017,1.0,2.0,13.6,1999.0,177.0,5.0,53.41,38.0
2012,2.0,1.0,22.5,998.0,67.04,5.0,4.59,2.74
2017,2.0,1.0,18.9,1197.0,81.86,5.0,6.54,4.9
2011,2.0,1.0,24.07,998.0,67.1,5.0,4.7,3.22
2018,1.0,2.0,22.48,1995.0,190.0,5.0,67.87,37.3
2018,1.0,2.0,11.57,2987.0,254.79,5.0,95.13,70.8
2018,2.0,1.0,18.9,1197.0,81.86,5.0,6.62,6.03
2018,2.0,2.0,19.0,1199.0,88.76,5.0,9.44,7.8
2016,1.0,2.0,15.17,1968.0,181.0,5.0,48.64,28.03
2015,1.0,1.0,14.95,2489.0,93.7,7.0,11.69,5.0
2017,2.0,1.0,21.56,1462.0,103.25,5.0,11.11,8.2
2010,2.0,1.0,22.5,998.0,67.04,5.0,4.74,2.75
2017,2.0,1.0,15.1,1196.0,73.0,7.0,4.98,4.74
2017,2.0,1.0,21.7,999.0,67.0,5.0,4.98,4.25
2018,2.0,1.0,17.5,1199.0,88.7,5.0,10.57,9.29
2017,2.0,2.0,22.5,998.0,67.0,5.0,6.33,5.23
2016,2.0,1.0,18.9,1197.0,81.86,5.0,8.1,6.01
2017,2.0,1.0,18.9,1197.0,81.86,5.0,6.4,5.0
2017,1.0,2.0,28.4,1248.0,73.75,5.0,11.26,9.0
2019,2.0,1.0,18.16,1197.0,78.9,5.0,7.59,7.27
2016,2.0,1.0,22.0,1197.0,81.8,5.0,7.0,5.1
2016,2.0,2.0,17.21,1197.0,103.5,5.0,11.26,7.25
2017,1.0,1.0,22.95,1248.0,74.0,5.0,7.43,5.25
2014,1.0,2.0,18.23,1582.0,126.2,5.0,22.43,8.9
2017,1.0,1.0,17.1,1956.0,170.0,5.0,24.02,17.45
2012,2.0,1.0,14.28,1798.0,138.03,5.0,21.69,6.22
2017,1.0,2.0,11.57,2987.0,254.79,5.0,95.13,64.87
2016,2.0,2.0,15.5,1595.0,122.0,5.0,34.63,17.25
2018,2.0,1.0,18.9,1197.0,81.86,5.0,6.32,5.53
2011,1.0,2.0,22.69,1995.0,190.0,5.0,43.31,10.9
2014,2.0,1.0,15.1,1196.0,73.0,7.0,4.71,2.9
2019,1.0,2.0,11.36,2755.0,171.5,7.0,20.74,19.65
2018,1.0,2.0,11.0,2987.0,258.0,7.0,1.02,79.0
2018,2.0,1.0,18.9,1197.0,81.86,5.0,6.71,5.75
2018,2.0,1.0,17.0,1198.0,73.75,5.0,8.68,7.27
2017,1.0,2.0,12.9,2755.0,174.5,7.0,34.45,30.0
2016,1.0,1.0,28.4,1248.0,73.75,5.0,8.58,5.75
2017,1.0,1.0,23.0,1498.0,98.96,5.0,12.67,8.09
2015,1.0,2.0,20.68,1995.0,190.0,5.0,48.18,22.24
2017,1.0,1.0,23.0,1498.0,98.96,5.0,11.89,8.99
2017,1.0,1.0,28.4,1248.0,73.75,5.0,10.48,8.2
2013,2.0,1.0,17.0,1591.0,121.3,5.0,13.59,5.25
2016,1.0,1.0,24.3,1248.0,88.5,5.0,11.02,9.3
2017,1.0,2.0,17.9,2143.0,136.0,5.0,41.94,23.5
2012,1.0,1.0,28.4,1248.0,73.75,5.0,8.94,4.25
2018,1.0,1.0,17.1,1956.0,170.0,5.0,21.38,17.02
2013,1.0,1.0,21.43,1364.0,86.79,5.0,19.27,7.12
2018,1.0,2.0,24.3,1248.0,88.5,5.0,12.88,11.25
2014,2.0,1.0,20.14,1197.0,81.86,5.0,8.27,3.67
2016,1.0,2.0,20.68,1995.0,190.0,5.0,48.18,28.5
2017,1.0,1.0,13.68,2393.0,147.8,7.0,22.87,16.5
2018,2.0,2.0,18.9,1197.0,81.86,5.0,7.37,6.76
2016,2.0,1.0,18.78,999.0,75.0,5.0,7.33,5.5
2013,2.0,1.0,15.1,1196.0,73.0,7.0,4.98,3.75
2016,1.0,1.0,13.68,2393.0,147.8,7.0,23.06,17.11
2012,1.0,1.0,15.96,2523.0,62.1,7.0,10.32,4.3
2017,2.0,1.0,20.89,1197.0,81.8,5.0,7.87,6.36
2015,1.0,2.0,16.77,2993.0,261.49,5.0,1.4,43.6
2013,3.0,1.0,33.54,998.0,67.04,5.0,5.58,3.05
2018,1.0,1.0,17.1,1956.0,170.0,5.0,22.46,19.05
2017,1.0,2.0,20.7,1496.0,113.98,5.0,42.48,34.0
2015,2.0,1.0,17.57,1193.0,88.7,5.0,7.69,4.0
2015,1.0,1.0,26.1,1498.0,99.0,5.0,9.4,8.41
2016,2.0,1.0,18.9,1197.0,81.86,5.0,8.1,5.89
2011,2.0,1.0,17.4,1497.0,117.3,5.0,11.85,4.0
2016,2.0,2.0,23.1,998.0,67.04,5.0,6.08,3.94
2015,1.0,1.0,28.4,1248.0,73.75,5.0,8.36,5.25
2019,2.0,2.0,19.0,2996.0,362.07,2.0,1.06,83.96
2013,1.0,2.0,16.1,1950.0,194.0,5.0,71.15,21.0
2015,2.0,1.0,18.9,1197.0,81.86,5.0,6.82,4.3
2017,1.0,2.0,17.9,2143.0,201.15,5.0,78.76,56.73
2007,2.0,1.0,19.0,1194.0,94.68,5.0,8.12,6.0
2017,2.0,1.0,18.6,1197.0,81.86,5.0,9.78,7.53
2016,2.0,1.0,21.4,1197.0,83.1,5.0,7.36,5.8
2017,1.0,2.0,12.9,2755.0,174.5,7.0,38.11,31.0
2013,1.0,1.0,25.47,1248.0,88.5,7.0,11.75,4.85
2013,1.0,1.0,28.4,1248.0,74.0,5.0,8.44,5.65
2016,2.0,1.0,15.8,1591.0,121.3,5.0,16.06,11.0
2017,2.0,2.0,18.0,1497.0,117.3,5.0,15.29,11.6
2014,2.0,1.0,18.5,1198.0,86.8,5.0,6.63,3.95
2017,1.0,2.0,18.0,2993.0,255.0,7.0,1.27,41.6
2015,1.0,1.0,14.24,2755.0,174.5,7.0,39.6,23.0
2017,1.0,1.0,24.3,1248.0,88.5,5.0,10.91,8.0
2016,2.0,2.0,12.95,1999.0,152.88,5.0,25.75,17.75
2016,2.0,1.0,22.5,998.0,67.04,5.0,5.29,3.6
2010,2.0,1.0,22.5,998.0,67.04,5.0,5.61,1.75
2017,2.0,2.0,16.5,1198.0,86.8,5.0,8.05,5.99
2016,1.0,1.0,23.59,1364.0,67.06,5.0,8.82,6.71
2018,2.0,2.0,18.0,1497.0,117.3,5.0,17.38,14.21
2017,2.0,1.0,23.1,998.0,67.04,5.0,5.69,5.11
2017,1.0,2.0,11.36,2755.0,171.5,7.0,26.56,22.99
2016,2.0,1.0,23.84,1199.0,84.0,5.0,5.61,3.6
2010,1.0,1.0,14.24,2755.0,174.5,7.0,37.51,13.7
2015,2.0,1.0,21.5,1197.0,81.8,5.0,5.88,3.1
2017,1.0,1.0,25.6,1498.0,98.6,5.0,16.95,12.9
2012,1.0,2.0,22.48,1995.0,190.0,5.0,63.71,17.5
2017,1.0,1.0,23.0,1498.0,98.96,5.0,11.47,8.45
2010,1.0,1.0,14.24,2755.0,174.5,7.0,37.46,10.75
2016,1.0,1.0,28.4,1248.0,74.0,5.0,7.88,5.22
2018,2.0,1.0,21.56,1462.0,103.25,5.0,11.37,9.18
2016,2.0,2.0,14.62,1999.0,149.92,5.0,21.77,13.9
2011,1.0,1.0,20.64,1498.0,108.5,5.0,11.3,3.25
2019,1.0,2.0,18.0,2987.0,258.0,5.0,92.5,78.8
2015,2.0,2.0,14.62,1999.0,149.92,5.0,23.64,9.69
2014,1.0,1.0,19.87,1461.0,83.14,5.0,15.06,5.65
2016,1.0,2.0,12.9,2755.0,174.5,7.0,34.45,22.5
2018,1.0,2.0,17.9,2143.0,136.0,5.0,41.94,28.9
2012,2.0,2.0,16.82,1998.0,189.08,4.0,44.28,22.0
2013,2.0,2.0,17.44,1998.0,189.08,4.0,39.57,21.5
2014,3.0,1.0,33.54,998.0,67.04,5.0,5.54,3.9
2017,2.0,2.0,14.84,1598.0,103.52,5.0,13.7,8.11
2017,1.0,1.0,25.47,1248.0,88.5,7.0,11.16,7.65
2016,2.0,1.0,17.0,1497.0,121.36,5.0,9.47,6.0
2015,2.0,2.0,19.0,1199.0,88.7,5.0,10.17,7.25
2017,1.0,1.0,24.3,1248.0,88.5,5.0,11.47,9.0
2017,1.0,1.0,24.0,1186.0,73.97,5.0,8.17,5.92
2016,1.0,1.0,20.14,1498.0,88.0,5.0,9.58,6.29
2013,1.0,2.0,22.69,1995.0,190.0,5.0,47.87,17.99
2015,1.0,1.0,14.02,2179.0,118.3,7.0,11.67,4.85
2011,1.0,1.0,28.4,1248.0,73.75,5.0,9.14,4.0
2012,1.0,1.0,20.14,1498.0,88.0,5.0,9.96,3.6
2013,1.0,2.0,22.48,1995.0,190.0,5.0,63.71,21.75
2017,1.0,2.0,17.9,2143.0,170.0,5.0,64.14,45.0
2011,2.0,1.0,24.07,998.0,67.1,5.0,4.7,3.19
2015,2.0,1.0,20.14,1197.0,81.86,5.0,7.85,6.2
2016,2.0,1.0,15.8,1591.0,121.3,5.0,16.36,10.25
2017,1.0,2.0,12.9,2755.0,174.5,7.0,37.38,30.0
2017,1.0,1.0,23.0,1498.0,98.96,5.0,11.89,8.99
2017,2.0,1.0,17.57,1193.0,88.7,5.0,6.62,4.5
2017,1.0,1.0,24.3,1248.0,88.5,5.0,11.75,9.38
2019,1.0,2.0,17.6,2179.0,153.86,7.0,22.74,17.85
2010,2.0,2.0,14.67,1798.0,177.46,5.0,33.36,3.75
2016,1.0,2.0,21.5,1498.0,108.5,5.0,15.86,8.95
2018,1.0,2.0,16.1,1950.0,194.0,5.0,70.55,56.5
2014,1.0,2.0,22.69,1995.0,190.0,5.0,54.43,21.0
2016,1.0,2.0,18.0,2993.0,255.0,7.0,1.13,36.75
2017,1.0,2.0,17.9,2143.0,136.0,5.0,45.36,27.87
2018,1.0,1.0,24.3,1248.0,88.5,5.0,10.13,8.75
2018,1.0,1.0,21.13,1498.0,108.4,5.0,14.22,11.92
2017,1.0,1.0,17.45,1493.0,100.0,7.0,11.77,7.57
2018,2.0,1.0,22.7,799.0,53.64,5.0,4.05,3.48
2018,1.0,1.0,16.3,1956.0,170.0,5.0,26.95,21.69
2017,1.0,2.0,11.36,2755.0,171.5,7.0,28.05,20.14
2016,2.0,2.0,22.5,998.0,67.0,5.0,6.14,4.15
2016,2.0,1.0,24.07,998.0,67.1,5.0,4.82,3.15
2019,2.0,2.0,23.84,1199.0,83.83,5.0,7.17,6.97
2016,2.0,2.0,16.82,1998.0,189.08,4.0,44.28,35.0
2017,1.0,1.0,22.0,1582.0,126.2,5.0,15.72,11.5
2016,1.0,1.0,19.87,1461.0,83.8,5.0,11.27,6.5
2016,2.0,1.0,15.4,1497.0,117.3,7.0,13.58,8.0
2015,1.0,1.0,27.4,1498.0,98.6,5.0,9.09,5.99
2018,2.0,1.0,24.07,998.0,67.1,5.0,4.09,3.63
2017,2.0,1.0,17.57,1193.0,88.7,5.0,6.83,4.25
2011,2.0,1.0,22.5,998.0,67.04,5.0,5.04,3.36
2011,1.0,2.0,22.69,1995.0,190.0,5.0,43.81,10.3
2014,2.0,1.0,22.5,998.0,67.04,5.0,5.12,3.41
2015,1.0,2.0,15.17,1968.0,181.0,5.0,48.64,27.5
2015,2.0,1.0,21.5,1197.0,81.8,5.0,5.71,3.5
2016,3.0,1.0,31.79,998.0,58.33,5.0,5.87,4.58
2017,1.0,1.0,24.3,1248.0,88.5,5.0,12.56,10.34
2016,2.0,1.0,19.5,1199.0,86.76,5.0,8.16,5.47
2017,2.0,2.0,16.82,1998.0,189.08,4.0,44.28,35.98
2018,1.0,1.0,21.66,1498.0,108.62,5.0,9.72,7.9
2019,2.0,2.0,21.4,1197.0,83.1,5.0,10.3,9.51
2013,1.0,2.0,22.48,1995.0,190.0,5.0,63.71,19.5
2017,1.0,1.0,24.3,1248.0,88.5,5.0,11.12,9.13
2011,2.0,1.0,15.1,1196.0,73.0,7.0,4.69,2.25
2010,2.0,1.0,22.5,998.0,67.04,5.0,5.04,2.35
2017,1.0,1.0,13.68,2393.0,147.8,8.0,24.01,17.92
2018,1.0,2.0,11.57,2987.0,254.79,5.0,95.13,59.29
2016,2.0,1.0,21.4,1197.0,83.1,5.0,8.78,6.75
2017,2.0,2.0,17.21,1197.0,103.5,5.0,11.26,8.25
2018,2.0,1.0,18.9,1197.0,81.86,5.0,6.68,6.07
2017,2.0,2.0,22.5,999.0,67.0,5.0,5.42,4.28
2017,1.0,2.0,11.57,2987.0,254.79,5.0,91.23,64.95
2018,2.0,1.0,18.9,1197.0,81.86,5.0,7.14,5.55
2009,1.0,2.0,18.56,1995.0,190.0,5.0,69.59,17.98
2018,2.0,1.0,21.7,999.0,67.0,5.0,4.61,4.5
2017,2.0,2.0,17.21,1197.0,103.5,5.0,11.26,7.75
2019,1.0,2.0,12.9,2755.0,174.5,7.0,37.38,33.13
2018,2.0,1.0,21.7,999.0,67.0,5.0,5.3,4.8
2017,1.0,1.0,22.95,1248.0,74.0,5.0,7.97,6.0
2009,1.0,2.0,22.69,1995.0,190.0,5.0,43.31,9.92
2014,1.0,2.0,18.53,1968.0,187.74,5.0,59.38,24.0
2017,1.0,2.0,21.5,1498.0,108.5,5.0,15.86,9.6
2014,1.0,2.0,18.53,1968.0,187.74,5.0,67.1,25.0
2018,2.0,2.0,14.8,1497.0,121.36,5.0,14.1,10.44
2018,1.0,1.0,21.5,1497.0,108.5,5.0,12.22,9.9
2017,1.0,2.0,13.8,2999.0,174.57,7.0,33.68,20.0
2012,1.0,1.0,21.43,1364.0,86.79,5.0,19.27,6.5
2018,2.0,1.0,18.9,1197.0,81.86,5.0,6.96,5.85
2019,1.0,1.0,16.3,1956.0,170.0,5.0,26.95,23.91
2019,2.0,2.0,20.89,1197.0,81.8,5.0,7.96,7.36
2017,1.0,1.0,13.68,2393.0,147.8,7.0,23.06,17.65
2015,1.0,1.0,23.59,1364.0,67.05,5.0,9.58,6.0
2017,1.0,2.0,11.36,2755.0,171.5,8.0,20.8,18.25
2016,2.0,1.0,19.69,1198.0,67.04,5.0,6.78,4.25
2017,1.0,1.0,17.1,1956.0,170.0,5.0,19.91,16.9
2017,1.0,1.0,22.95,1248.0,74.0,5.0,8.93,5.0
2013,2.0,1.0,22.0,1197.0,81.8,5.0,7.97,5.49
2014,2.0,1.0,22.5,998.0,67.04,5.0,5.04,3.25
2018,1.0,1.0,25.47,1248.0,88.5,7.0,11.66,9.25
2017,2.0,1.0,18.15,1198.0,82.0,5.0,7.35,4.5
2010,2.0,1.0,22.0,1197.0,81.8,5.0,6.99,2.8
2018,1.0,1.0,17.1,1956.0,170.0,5.0,23.89,18.5
2016,1.0,1.0,28.4,1248.0,74.0,5.0,7.27,5.95
2015,1.0,1.0,28.4,1248.0,74.0,5.0,7.88,5.36
2016,1.0,1.0,25.4,1186.0,73.97,5.0,8.84,3.5
2019,1.0,2.0,22.69,1995.0,190.0,5.0,52.46,6.67
2016,1.0,1.0,14.02,2179.0,118.3,7.0,11.67,5.85
2018,2.0,2.0,14.28,1798.0,138.03,5.0,22.37,16.95
2015,2.0,1.0,15.41,1598.0,103.52,5.0,12.02,4.68
2017,2.0,1.0,25.17,799.0,53.3,5.0,3.95,3.46
2013,1.0,2.0,22.69,1995.0,190.0,5.0,48.79,13.08
2018,3.0,1.0,32.26,998.0,58.2,4.0,4.66,4.0
2017,1.0,1.0,24.3,1248.0,88.5,5.0,11.29,9.51
2014,3.0,1.0,33.54,998.0,67.04,5.0,5.35,3.25
2019,2.0,2.0,13.33,2995.0,340.0,5.0,1.36,2.02
2015,2.0,1.0,18.5,1198.0,86.8,5.0,6.23,3.95
2019,2.0,2.0,18.9,1197.0,81.86,5.0,7.98,6.84
2017,2.0,2.0,17.84,1395.0,147.51,5.0,47.16,21.73
2019,1.0,2.0,20.7,1496.0,113.98,5.0,41.98,31.55
2019,1.0,1.0,12.62,2198.0,158.0,7.0,35.29,27.36
2017,2.0,1.0,17.57,1193.0,88.7,5.0,7.63,4.65
2012,1.0,1.0,28.4,1248.0,73.75,5.0,7.91,2.25
2015,3.0,1.0,20.0,1196.0,63.0,5.0,5.36,3.72
2014,2.0,1.0,22.5,998.0,67.04,5.0,5.51,3.45
2017,2.0,1.0,18.9,1197.0,81.86,5.0,8.1,6.08
2018,1.0,2.0,11.36,2755.0,171.5,7.0,20.97,18.0
2015,1.0,2.0,20.7,1496.0,113.98,4.0,34.89,24.77
2018,1.0,1.0,14.0,2179.0,155.0,7.0,16.4,13.0
2012,1.0,2.0,16.77,2993.0,261.49,5.0,1.66,26.5
2015,2.0,2.0,18.0,1497.0,117.3,5.0,15.29,8.95
2017,2.0,2.0,18.0,1497.0,117.3,5.0,14.67,7.7
2017,2.0,1.0,17.4,1497.0,117.3,5.0,12.57,8.5
2012,1.0,1.0,23.19,1461.0,63.12,5.0,9.48,2.5
2013,1.0,1.0,28.4,1248.0,73.75,5.0,8.95,4.65
2017,1.0,1.0,16.3,1956.0,170.0,5.0,23.19,17.5
2018,2.0,1.0,19.0,1194.0,94.68,5.0,8.24,7.34
2016,2.0,1.0,18.2,1199.0,88.7,5.0,8.71,5.9
2017,1.0,2.0,18.51,1968.0,147.51,5.0,44.75,27.0
2015,2.0,2.0,10.0,2996.0,333.0,4.0,87.57,48.0
2018,1.0,2.0,11.57,2987.0,254.79,5.0,95.13,59.65
2018,2.0,2.0,21.4,1197.0,83.1,5.0,8.57,7.29
2016,1.0,2.0,20.7,1496.0,113.98,4.0,35.0,23.8
2018,1.0,1.0,26.1,1498.0,99.0,5.0,7.56,5.65
2019,1.0,2.0,17.9,2143.0,136.0,5.0,43.07,25.75
2013,1.0,1.0,23.59,1364.0,67.04,5.0,7.83,3.85
2015,2.0,2.0,23.1,998.0,67.04,5.0,6.0,3.5
2017,2.0,1.0,17.4,1497.0,117.3,5.0,13.76,11.15
2016,1.0,2.0,19.6,1461.0,108.45,5.0,14.11,8.9
2017,1.0,1.0,24.3,1248.0,88.5,5.0,9.12,8.61
2018,1.0,1.0,23.0,1498.0,98.96,5.0,11.2,9.25
2010,1.0,2.0,22.69,1995.0,190.0,5.0,47.87,9.25
2018,1.0,1.0,24.3,1248.0,88.5,5.0,12.47,10.15
2011,2.0,1.0,17.71,1197.0,78.9,5.0,6.51,3.75
2017,2.0,1.0,17.5,1199.0,88.7,5.0,10.32,8.25
2014,2.0,1.0,18.9,1197.0,81.86,5.0,8.1,4.4
2014,2.0,1.0,19.5,1199.0,88.76,5.0,7.52,4.5
2016,1.0,2.0,21.5,1498.0,108.5,5.0,15.68,10.3
2014,2.0,1.0,18.9,1197.0,81.86,5.0,7.45,5.5
2013,1.0,2.0,22.48,1995.0,190.0,5.0,67.87,21.26
2016,2.0,1.0,14.28,1798.0,138.03,5.0,20.48,11.5
2018,2.0,2.0,18.0,1497.0,117.3,5.0,15.17,12.5
2017,1.0,2.0,19.6,1461.0,108.45,5.0,15.05,12.46
2015,1.0,1.0,28.4,1248.0,74.0,5.0,8.13,5.1
2015,2.0,1.0,18.2,1199.0,88.7,5.0,8.79,6.3
2013,1.0,1.0,19.87,1461.0,83.14,5.0,14.72,5.8
2017,1.0,1.0,16.3,1956.0,170.0,5.0,25.54,20.0
2017,1.0,1.0,25.6,1498.0,98.6,5.0,16.84,12.0
2018,1.0,1.0,24.0,1186.0,73.97,5.0,8.28,5.95
2019,1.0,1.0,13.68,2393.0,147.8,7.0,23.94,22.2
2019,1.0,2.0,17.9,2143.0,136.0,5.0,43.07,30.77
2018,2.0,1.0,18.15,1198.0,82.0,6.0,7.88,6.25
2017,1.0,2.0,18.53,1968.0,187.74,5.0,69.37,39.84
2016,2.0,2.0,21.4,1197.0,83.1,5.0,9.04,5.74
2016,1.0,2.0,21.76,1995.0,190.0,5.0,55.07,35.0
2017,1.0,2.0,28.4,1248.0,73.75,5.0,10.97,8.9
2018,1.0,1.0,17.1,1956.0,170.0,5.0,21.72,19.46
2018,1.0,1.0,21.5,1497.0,108.5,5.0,11.47,9.22
2018,2.0,1.0,25.17,799.0,53.3,5.0,4.9,3.5
2011,1.0,1.0,14.24,2755.0,174.5,7.0,36.69,10.64
2017,2.0,2.0,19.0,1199.0,88.7,5.0,10.1,6.95
2016,1.0,1.0,25.1,1248.0,88.5,5.0,12.53,6.99
2017,1.0,1.0,17.6,2179.0,153.86,7.0,20.87,14.25
2016,2.0,1.0,15.1,1196.0,73.0,7.0,4.98,4.3
2019,2.0,1.0,20.89,1197.0,81.8,5.0,5.9,5.5
2017,2.0,2.0,17.21,1197.0,103.5,5.0,11.66,8.27
2010,1.0,2.0,22.48,1995.0,190.0,5.0,63.71,16.5
2019,1.0,2.0,17.9,2143.0,170.0,5.0,64.57,50.97
2016,1.0,2.0,21.76,1995.0,190.0,5.0,60.88,29.95
2017,2.0,2.0,14.8,1497.0,121.36,5.0,13.23,9.99
2017,1.0,1.0,24.3,1248.0,88.5,5.0,11.06,9.25
2013,1.0,1.0,19.64,1461.0,108.5,5.0,17.21,5.45
2017,2.0,2.0,23.1,998.0,67.04,5.0,6.56,5.25
2010,1.0,2.0,22.69,1995.0,190.0,5.0,47.2,14.2
2016,2.0,1.0,18.9,1197.0,81.86,5.0,6.82,4.87
2017,1.0,1.0,24.3,1248.0,88.5,5.0,12.56,11.39
2016,1.0,1.0,24.3,1248.0,88.5,5.0,10.14,8.0
2015,1.0,2.0,12.65,2993.0,255.0,5.0,1.6,70.66
2017,2.0,1.0,24.07,998.0,67.1,5.0,4.82,3.25
2018,2.0,1.0,21.56,1462.0,103.25,5.0,11.11,9.18
2015,2.0,1.0,21.5,1197.0,81.8,5.0,5.44,4.11
2017,1.0,2.0,11.36,2755.0,171.5,7.0,26.55,19.97
2014,1.0,1.0,28.4,1248.0,74.0,5.0,8.26,4.5
2017,1.0,1.0,20.65,1248.0,88.7,5.0,10.06,5.85
2011,2.0,1.0,24.07,998.0,67.1,5.0,4.5,2.15
2018,2.0,2.0,15.26,1798.0,187.74,5.0,56.97,41.5
2018,1.0,1.0,24.3,1248.0,88.5,5.0,12.56,11.0
2018,2.0,1.0,17.0,1591.0,121.3,5.0,11.19,8.7
2016,1.0,1.0,25.47,1248.0,88.5,7.0,13.33,9.9
2012,2.0,1.0,17.0,1591.0,121.3,5.0,11.67,5.77
2012,1.0,2.0,22.69,1995.0,190.0,5.0,47.87,11.5
2013,1.0,1.0,28.4,1248.0,73.75,5.0,8.75,4.95
2016,1.0,2.0,11.36,2755.0,171.5,8.0,21.1,16.45
2018,1.0,1.0,27.39,1248.0,74.0,5.0,10.28,8.7
2016,2.0,2.0,14.67,1798.0,177.46,5.0,33.36,20.75
2017,2.0,1.0,21.56,1462.0,103.25,5.0,11.56,8.25
2016,1.0,2.0,11.36,2755.0,171.5,7.0,27.07,19.0
2018,1.0,1.0,17.1,1956.0,170.0,5.0,21.38,17.55
2016,2.0,1.0,24.07,998.0,67.1,5.0,4.36,3.0
2018,2.0,2.0,19.0,1199.0,88.7,5.0,10.81,8.25
2012,2.0,1.0,16.95,1498.0,97.6,5.0,8.55,4.69
2009,2.0,1.0,14.28,1798.0,138.03,5.0,22.66,4.95
2016,2.0,1.0,24.07,998.0,67.1,5.0,4.24,3.2
2016,2.0,2.0,15.04,1991.0,183.0,5.0,41.02,24.5
2018,1.0,2.0,17.6,1582.0,126.2,5.0,17.0,11.25
2013,2.0,2.0,11.05,2894.0,444.0,4.0,1.28,40.5
2014,1.0,2.0,22.48,1995.0,190.0,5.0,63.71,22.45
2017,1.0,2.0,13.33,2993.0,255.0,5.0,2.3,160.0
2018,2.0,1.0,21.1,998.0,100.0,5.0,10.89,8.61
2017,2.0,2.0,19.16,2487.0,175.67,5.0,40.62,26.11
2018,2.0,1.0,18.9,1197.0,81.86,5.0,7.54,6.5
2016,2.0,2.0,14.67,1798.0,177.46,5.0,30.19,16.81
2014,2.0,1.0,22.5,998.0,67.04,5.0,5.56,3.41
2016,2.0,1.0,22.7,799.0,53.0,5.0,4.43,2.75
2019,1.0,1.0,14.24,2755.0,174.5,7.0,37.17,35.82
2016,2.0,1.0,15.4,1497.0,117.3,7.0,12.9,8.02
2014,3.0,1.0,33.54,998.0,67.04,5.0,5.58,2.85
2017,1.0,1.0,28.4,1248.0,73.75,5.0,8.58,6.67
2017,1.0,2.0,11.36,2755.0,171.5,7.0,28.05,20.5
2017,2.0,1.0,15.8,1591.0,121.3,5.0,15.86,11.31
2018,2.0,1.0,22.7,799.0,53.64,5.0,4.05,3.6
2017,1.0,1.0,20.5,1582.0,126.2,5.0,19.18,11.45
2017,2.0,1.0,21.4,1197.0,83.1,5.0,7.36,6.37
2016,1.0,1.0,25.47,1248.0,88.5,7.0,10.99,8.2
2015,1.0,1.0,25.6,1498.0,98.6,5.0,12.23,5.49
2016,2.0,1.0,16.09,1598.0,103.5,5.0,11.63,7.7
2014,2.0,1.0,17.0,1591.0,121.3,5.0,12.27,7.75
2014,2.0,1.0,24.07,998.0,67.1,5.0,3.91,2.93
2018,1.0,2.0,18.51,1968.0,147.51,5.0,44.8,32.73
2015,1.0,2.0,18.25,1968.0,187.74,5.0,50.4,21.66
2016,2.0,1.0,25.17,799.0,53.3,5.0,4.78,2.99
2013,2.0,1.0,19.5,1199.0,88.76,5.0,7.36,3.15
2017,2.0,1.0,22.7,799.0,53.64,5.0,4.04,3.31
2016,2.0,2.0,14.67,1798.0,177.46,5.0,33.36,17.85
2016,1.0,2.0,11.36,2755.0,171.5,7.0,26.55,19.6
2018,2.0,2.0,22.5,998.0,67.0,5.0,6.14,4.45
2016,1.0,1.0,24.3,1248.0,88.5,5.0,11.96,8.85
2014,1.0,1.0,25.47,1248.0,88.5,7.0,11.44,7.56
2016,1.0,2.0,11.36,2755.0,171.5,7.0,24.63,18.0
2017,1.0,2.0,20.68,1995.0,190.0,5.0,50.26,29.0
2017,2.0,1.0,18.9,1197.0,81.86,5.0,7.45,5.87
2018,2.0,1.0,22.0,1197.0,81.8,5.0,8.16,7.75
2019,1.0,1.0,13.68,2393.0,147.8,8.0,24.01,21.42
2012,1.0,1.0,21.13,1498.0,108.4,5.0,13.72,4.1
2016,1.0,1.0,13.68,2393.0,147.8,7.0,23.14,16.5
2017,2.0,1.0,23.84,1199.0,84.0,5.0,6.29,5.0
2018,2.0,1.0,19.5,1199.0,86.76,5.0,8.18,6.7
2010,2.0,1.0,22.5,998.0,67.04,5.0,5.04,2.45
2018,2.0,1.0,18.9,1197.0,81.86,5.0,6.4,4.8
2017,2.0,1.0,18.9,1197.0,81.86,5.0,7.48,5.66
2018,2.0,2.0,13.0,4951.0,395.0,4.0,83.92,56.8
2019,1.0,2.0,11.36,2755.0,171.5,7.0,20.74,19.4
2017,2.0,1.0,18.9,1197.0,81.86,5.0,7.82,5.99
2013,1.0,1.0,27.4,1498.0,98.6,5.0,8.54,3.3
2017,2.0,1.0,22.5,998.0,67.04,5.0,5.44,4.5
2015,1.0,2.0,18.19,1968.0,174.5,5.0,36.94,15.5
2012,1.0,1.0,20.64,1498.0,108.5,5.0,11.16,3.4
2016,2.0,1.0,17.0,1591.0,121.3,5.0,13.6,7.97
2018,1.0,2.0,28.4,1248.0,73.75,5.0,10.7,8.55
2016,2.0,1.0,15.1,1196.0,73.0,7.0,4.87,3.75
2015,1.0,1.0,13.5,2477.0,175.56,7.0,34.6,16.42
2016,1.0,2.0,11.57,2987.0,254.79,5.0,92.79,65.0
2017,2.0,2.0,22.5,998.0,67.0,5.0,5.8,3.95
2011,1.0,2.0,22.69,1995.0,190.0,5.0,47.87,10.5
2011,1.0,2.0,22.48,1995.0,190.0,5.0,63.71,17.27
2016,1.0,2.0,21.76,1995.0,190.0,5.0,62.11,27.0
2017,2.0,1.0,18.2,1199.0,88.7,5.0,8.71,6.8
2014,2.0,1.0,22.5,998.0,67.04,5.0,5.61,3.16
2018,1.0,2.0,24.3,1248.0,88.5,5.0,12.88,11.5
2016,2.0,1.0,24.07,998.0,67.1,5.0,3.91,3.0
2017,1.0,1.0,24.3,1248.0,88.5,5.0,11.0,9.75
2019,1.0,2.0,20.68,1995.0,190.0,5.0,48.18,36.64
2015,1.0,1.0,24.0,1186.0,73.97,5.0,8.68,5.43
2016,2.0,1.0,21.7,999.0,67.0,5.0,4.78,3.0
2017,2.0,1.0,17.5,1199.0,88.7,5.0,10.83,8.9
2012,2.0,1.0,16.09,1598.0,103.5,5.0,11.05,3.59
2016,1.0,1.0,25.47,1248.0,88.5,7.0,11.27,7.64
2018,2.0,1.0,16.09,1598.0,103.5,5.0,11.48,7.64
2017,1.0,1.0,14.24,2755.0,174.5,7.0,37.17,28.85
2014,1.0,1.0,23.59,1364.0,67.06,5.0,9.99,5.75
2016,1.0,2.0,11.36,2755.0,171.5,7.0,26.95,19.5
2018,2.0,1.0,20.14,1197.0,81.86,5.0,6.71,5.0
2019,2.0,1.0,17.0,1591.0,121.3,5.0,13.6,11.88
2018,2.0,1.0,19.69,1198.0,67.04,5.0,6.99,4.0
2011,1.0,1.0,20.64,1498.0,108.5,5.0,14.32,2.9
2019,2.0,1.0,23.84,1199.0,84.0,5.0,6.21,5.85
2016,1.0,2.0,15.68,1999.0,177.0,5.0,74.49,42.0
2017,2.0,1.0,18.6,1197.0,81.86,5.0,8.03,6.28
2011,1.0,2.0,13.5,2925.0,281.61,5.0,1.71,30.0
2016,1.0,1.0,20.5,1582.0,126.2,5.0,19.18,10.8
2015,1.0,2.0,16.8,1969.0,150.0,5.0,37.9,24.0
2018,1.0,2.0,21.76,1995.0,190.0,5.0,58.67,37.92
2013,2.0,2.0,14.67,1798.0,177.46,5.0,32.54,7.25
2017,1.0,1.0,16.55,2498.0,105.0,6.0,11.71,9.66
2016,2.0,1.0,22.7,799.0,53.64,5.0,3.98,2.25
2015,2.0,1.0,24.07,998.0,67.1,5.0,4.09,3.46
2011,1.0,2.0,22.69,1995.0,190.0,5.0,47.2,13.95
2014,2.0,1.0,21.5,1197.0,81.8,5.0,5.56,2.8
2017,1.0,2.0,18.25,1968.0,187.74,5.0,55.61,43.0
2001,2.0,1.0,20.3,1086.0,68.0,5.0,4.55,0.7
2016,2.0,1.0,21.4,1197.0,83.1,5.0,8.8,6.95
2018,2.0,1.0,17.0,1198.0,108.5,5.0,11.13,9.62
2014,2.0,1.0,22.5,998.0,67.04,5.0,4.59,3.01
2018,1.0,1.0,24.3,1248.0,88.5,5.0,11.58,10.19
2017,1.0,1.0,27.39,1248.0,74.0,5.0,10.63,8.4
2018,2.0,2.0,21.4,1197.0,83.1,5.0,10.3,8.85
2017,2.0,1.0,17.4,1497.0,117.3,5.0,12.68,10.0
2017,1.0,2.0,17.9,2143.0,170.0,5.0,59.77,46.95
2018,2.0,1.0,15.8,1591.0,121.3,5.0,17.7,13.25
2016,2.0,1.0,15.8,1591.0,121.3,5.0,14.23,9.7
2018,1.0,2.0,28.4,1248.0,73.75,5.0,9.62,8.37
2014,1.0,2.0,18.25,1968.0,187.74,5.0,53.14,24.37
2017,1.0,1.0,26.1,1498.0,99.0,5.0,8.91,6.0
2019,2.0,2.0,22.0,1197.0,81.8,5.0,10.26,8.3
2018,2.0,2.0,23.84,1199.0,83.83,5.0,6.94,5.0
2008,1.0,1.0,22.0,1582.0,126.2,5.0,15.59,2.9
2019,2.0,2.0,19.0,1199.0,88.76,5.0,9.47,8.86
2017,2.0,1.0,18.2,1199.0,88.7,5.0,9.1,7.9
2019,1.0,1.0,20.5,1582.0,126.2,5.0,19.18,16.27
2016,1.0,2.0,18.59,2993.0,265.0,5.0,78.31,48.0
2016,1.0,2.0,20.38,1968.0,143.0,5.0,42.89,18.9
2015,1.0,1.0,20.14,1498.0,88.0,5.0,9.56,4.91
2017,1.0,2.0,18.56,1995.0,190.0,5.0,64.76,32.57
2017,1.0,2.0,14.75,2967.0,245.0,7.0,99.92,68.0
2017,1.0,1.0,27.3,1498.0,98.6,5.0,11.05,8.4
2018,1.0,1.0,24.3,1248.0,88.5,5.0,8.63,8.39
2019,1.0,2.0,12.81,1999.0,148.31,7.0,69.22,56.14
2017,1.0,1.0,17.1,1956.0,170.0,5.0,18.45,15.0
2017,1.0,1.0,24.3,1248.0,88.5,5.0,9.89,9.05
2018,2.0,1.0,23.1,998.0,67.04,5.0,4.87,3.75
2017,1.0,1.0,24.3,1248.0,88.5,5.0,11.0,9.88
2019,2.0,1.0,18.6,1197.0,81.86,5.0,9.78,8.78
2013,1.0,1.0,28.4,1248.0,73.75,5.0,9.14,5.5
2014,2.0,1.0,24.07,998.0,67.1,5.0,4.48,2.1
2013,1.0,1.0,22.0,1582.0,126.2,5.0,15.57,5.5
2019,2.0,1.0,22.5,998.0,67.04,5.0,5.12,5.34
2016,1.0,2.0,17.9,2143.0,201.15,5.0,79.43,49.0
2017,1.0,1.0,22.95,1248.0,74.0,5.0,7.94,3.75
2016,1.0,2.0,11.57,2987.0,254.79,5.0,95.13,60.75
2011,2.0,2.0,19.15,1198.0,75.94,5.0,8.73,2.65
2015,2.0,1.0,17.57,1193.0,88.7,5.0,8.69,5.27
2016,1.0,1.0,27.3,1498.0,98.6,5.0,10.81,7.4
2017,1.0,2.0,17.9,2143.0,136.0,5.0,42.4,27.0
2015,2.0,1.0,14.28,1798.0,138.03,5.0,23.37,10.77
2010,1.0,2.0,18.59,2993.0,265.0,5.0,79.78,11.75
2015,3.0,1.0,31.79,998.0,58.33,5.0,5.87,3.8
2015,2.0,1.0,17.57,1193.0,88.7,5.0,7.63,4.52
2013,2.0,1.0,17.4,1497.0,117.3,5.0,12.68,6.26
2012,1.0,2.0,22.0,1582.0,126.2,5.0,16.6,5.25
2018,2.0,2.0,22.5,999.0,67.0,5.0,5.72,4.99
2017,2.0,2.0,22.5,999.0,67.0,5.0,4.93,4.41
2017,1.0,1.0,15.96,2523.0,62.1,7.0,11.28,8.14
2016,1.0,1.0,20.64,1498.0,108.5,5.0,14.2,8.45
2012,1.0,2.0,22.69,1995.0,190.0,5.0,48.79,12.5
2017,1.0,1.0,23.0,1498.0,98.96,5.0,10.42,7.69
2018,2.0,1.0,15.8,1591.0,121.3,5.0,16.06,12.13
2017,2.0,1.0,17.0,1497.0,121.36,5.0,11.27,8.75
2018,2.0,1.0,19.0,1194.0,94.68,5.0,8.44,7.23
2013,1.0,1.0,22.54,1582.0,126.2,5.0,20.87,7.5
2016,1.0,1.0,24.3,1248.0,88.5,5.0,11.96,8.9
2014,1.0,1.0,23.59,1364.0,67.06,5.0,9.55,4.9
2015,2.0,1.0,24.07,998.0,67.1,5.0,4.09,3.69
2016,2.0,1.0,23.84,1199.0,84.0,5.0,5.45,3.98
2017,2.0,1.0,17.0,1198.0,73.75,5.0,8.38,6.69
2017,2.0,2.0,16.0,1497.0,117.3,7.0,15.02,9.5
2018,2.0,2.0,23.1,998.0,67.04,5.0,5.95,5.63
2018,2.0,1.0,15.8,1591.0,121.3,5.0,15.36,11.78
2017,2.0,1.0,17.57,1193.0,88.7,5.0,6.59,4.8
2014,2.0,1.0,16.09,1598.0,103.5,5.0,10.94,3.49
2016,1.0,1.0,20.14,1498.0,88.0,5.0,10.15,6.3
2018,2.0,1.0,21.1,998.0,100.0,5.0,9.83,8.15
2017,1.0,2.0,21.76,1995.0,190.0,5.0,62.07,35.0
2013,2.0,1.0,22.0,1197.0,81.8,5.0,7.67,4.5
2017,1.0,1.0,20.14,1498.0,88.0,5.0,9.97,6.9
2015,1.0,2.0,18.53,1968.0,187.74,5.0,67.67,35.5
2018,1.0,1.0,24.0,1186.0,73.97,5.0,8.18,6.28
2016,1.0,1.0,22.95,1248.0,74.0,5.0,7.43,3.7
2014,2.0,1.0,15.1,1196.0,73.0,7.0,4.71,2.9
2015,1.0,1.0,24.0,1186.0,73.97,5.0,8.18,4.25
2015,1.0,2.0,22.69,1995.0,190.0,5.0,53.68,29.5
2018,1.0,1.0,23.0,1498.0,98.96,5.0,12.12,10.9
2015,2.0,1.0,23.1,998.0,67.04,5.0,6.05,4.3
2019,2.0,1.0,17.19,1197.0,81.86,5.0,10.25,8.6
2016,1.0,1.0,21.66,1498.0,108.62,5.0,10.04,6.75
2015,2.0,2.0,17.21,1197.0,103.5,5.0,10.83,7.4
2016,1.0,1.0,15.96,2523.0,62.1,7.0,11.15,7.21
2017,1.0,1.0,25.4,1186.0,73.97,5.0,8.23,4.2
2016,1.0,1.0,13.68,2393.0,147.8,7.0,19.37,16.5
2015,1.0,1.0,28.4,1248.0,74.0,5.0,7.01,5.15
2014,2.0,1.0,17.57,1193.0,88.7,5.0,7.63,3.7
2010,2.0,1.0,18.9,1197.0,81.86,5.0,6.8,2.25
2018,1.0,1.0,25.47,1248.0,88.5,7.0,10.83,8.49
2017,2.0,2.0,22.0,1197.0,81.8,5.0,8.13,5.5
2016,2.0,2.0,14.28,1798.0,138.03,5.0,25.27,11.99
2016,1.0,2.0,21.76,1995.0,190.0,5.0,57.3,29.99
2016,2.0,2.0,22.5,998.0,67.0,5.0,5.68,4.25
2016,1.0,1.0,24.3,1248.0,88.5,5.0,11.75,8.25
2019,2.0,1.0,17.5,1199.0,88.7,5.0,9.36,8.2
2016,1.0,2.0,17.9,2143.0,136.0,5.0,38.72,24.46
2014,2.0,1.0,17.57,1193.0,88.7,5.0,7.7,3.9
2015,2.0,2.0,21.5,1197.0,81.8,5.0,6.43,3.65
2016,1.0,1.0,25.4,1186.0,73.97,5.0,8.23,5.0
2017,2.0,1.0,22.5,998.0,67.04,5.0,5.44,3.85
2010,1.0,2.0,22.69,1995.0,190.0,5.0,48.79,11.5
2018,2.0,2.0,22.5,999.0,67.0,5.0,5.67,4.5
2016,1.0,1.0,20.5,1582.0,126.2,5.0,19.18,13.82
2017,1.0,1.0,28.4,1248.0,73.75,5.0,7.91,6.0
2016,2.0,1.0,25.17,799.0,53.3,5.0,3.96,2.55
2016,2.0,1.0,24.07,998.0,67.1,5.0,4.24,3.0
2018,1.0,2.0,18.56,1995.0,190.0,5.0,70.55,61.25
2016,2.0,2.0,17.44,1998.0,189.08,4.0,39.27,28.95
2015,2.0,1.0,17.71,1197.0,78.9,5.0,6.41,4.57
2015,2.0,2.0,19.15,1198.0,75.94,5.0,9.47,4.6
2017,1.0,2.0,11.36,2755.0,171.5,7.0,20.74,18.36
2014,1.0,2.0,12.65,2993.0,255.0,5.0,1.39,64.75
2016,1.0,2.0,22.48,1995.0,190.0,5.0,71.82,30.37
2019,2.0,1.0,25.17,799.0,53.3,5.0,4.78,5.09
2016,1.0,2.0,22.69,1995.0,190.0,5.0,54.43,21.33
2017,1.0,2.0,21.76,1995.0,190.0,5.0,55.07,35.84
2004,2.0,2.0,14.4,1997.0,152.0,5.0,33.51,3.0
2012,1.0,1.0,19.72,1461.0,108.45,5.0,15.94,6.75
2019,1.0,2.0,12.9,2755.0,174.5,7.0,34.45,30.85
2012,1.0,1.0,22.71,1461.0,84.8,5.0,11.48,4.0
2019,2.0,2.0,21.5,1197.0,81.8,5.0,6.8,6.25
2017,1.0,1.0,24.7,1047.0,69.0,5.0,7.15,5.5
2017,2.0,2.0,14.67,1798.0,177.46,5.0,33.36,17.08
2012,2.0,2.0,17.0,1591.0,121.3,5.0,13.7,4.25
2018,1.0,1.0,23.59,1364.0,67.04,5.0,10.63,7.9
2014,1.0,1.0,20.14,1498.0,88.0,5.0,10.32,5.65
2016,2.0,1.0,15.1,1196.0,73.0,7.0,4.43,2.2
2017,1.0,1.0,20.64,1498.0,108.5,5.0,14.2,10.0
2017,2.0,1.0,18.9,1197.0,81.86,5.0,6.54,4.75
2018,2.0,1.0,21.4,1197.0,83.1,5.0,8.71,7.39
2012,2.0,1.0,17.4,1497.0,117.3,5.0,12.68,5.75
2017,2.0,2.0,16.0,1497.0,117.3,7.0,15.02,9.5
2019,2.0,2.0,18.0,1497.0,117.3,5.0,13.4,11.66
2018,2.0,1.0,18.15,1198.0,82.0,6.0,7.96,5.5
2018,2.0,1.0,17.4,1497.0,117.3,5.0,11.88,10.07
2017,1.0,1.0,13.68,2393.0,147.8,7.0,21.36,16.95
2014,1.0,2.0,27.03,1969.0,190.0,5.0,45.67,21.5
2012,2.0,1.0,18.5,1198.0,86.8,5.0,5.92,2.75
2019,2.0,1.0,23.84,1199.0,84.0,5.0,6.59,6.94
2015,1.0,1.0,19.87,1461.0,83.14,5.0,15.06,6.25
2017,2.0,1.0,23.84,1199.0,84.0,5.0,6.42,4.8
2019,2.0,1.0,25.17,799.0,53.3,5.0,4.04,3.8
2014,2.0,1.0,19.5,1199.0,86.76,5.0,8.99,4.75
2016,1.0,2.0,21.5,1498.0,108.5,5.0,15.68,10.0
2019,2.0,1.0,15.41,1598.0,103.52,5.0,12.44,9.66
2016,2.0,2.0,23.1,998.0,67.04,5.0,5.77,3.8
2017,2.0,1.0,25.17,799.0,53.3,5.0,4.78,3.7
2017,2.0,2.0,19.15,1198.0,75.94,5.0,9.51,5.85
2018,2.0,1.0,25.17,799.0,53.3,5.0,4.78,4.29
2015,1.0,1.0,25.6,1498.0,98.6,5.0,13.33,8.0
2016,2.0,1.0,18.9,1197.0,81.86,5.0,6.62,5.07
2014,1.0,1.0,19.6,1461.0,108.45,5.0,15.01,8.25
2017,1.0,2.0,18.19,1968.0,174.5,5.0,40.73,25.75
2017,1.0,1.0,24.3,1248.0,88.5,5.0,11.75,9.44
2019,1.0,2.0,0.0,1950.0,194.0,5.0,49.14,35.0
2014,1.0,1.0,13.5,2477.0,175.56,7.0,33.21,11.85
2018,2.0,1.0,15.8,1591.0,121.3,5.0,14.72,13.2
2016,1.0,1.0,22.95,1248.0,74.0,5.0,8.09,4.6
2017,1.0,2.0,19.6,1461.0,108.45,5.0,15.05,11.86
2017,1.0,2.0,18.19,1968.0,174.5,5.0,36.94,22.99
2018,1.0,1.0,17.45,1493.0,100.0,7.0,10.52,7.29
2018,1.0,1.0,28.4,1248.0,73.75,5.0,7.91,5.9
2018,2.0,1.0,25.17,799.0,53.3,5.0,4.45,3.4
2017,2.0,2.0,18.69,1462.0,103.0,7.0,10.65,8.0
2010,2.0,2.0,14.28,1798.0,138.03,5.0,20.46,4.0
2018,2.0,2.0,17.0,1591.0,121.3,5.0,15.14,12.85
2018,2.0,2.0,13.7,1991.0,183.0,5.0,39.22,26.76
2013,1.0,1.0,20.14,1498.0,88.0,5.0,10.15,3.5
2016,2.0,1.0,17.0,1198.0,73.75,5.0,8.09,5.75
2017,2.0,1.0,21.4,1197.0,83.1,5.0,8.78,7.5
2016,1.0,2.0,17.6,2179.0,153.86,7.0,21.0,13.5
2017,2.0,1.0,23.84,1199.0,84.0,5.0,5.56,5.11
2013,1.0,2.0,18.25,1968.0,187.74,5.0,53.14,16.52
2016,2.0,1.0,17.57,1193.0,88.7,5.0,7.77,4.0
2011,2.0,1.0,16.09,1598.0,103.5,5.0,11.91,3.25
2016,1.0,1.0,24.3,1248.0,88.5,5.0,9.93,7.43
2013,2.0,1.0,18.5,1198.0,86.8,5.0,6.63,3.2
2014,1.0,1.0,28.4,1248.0,74.0,5.0,7.88,4.75
